{
	"info": {
		"_postman_id": "91c183c2-7c5f-4b0f-9de1-2de73182c709",
		"name": "productoraMusical/lugares",
		"schema": "https://schema.getpostman.com/json/collection/v2.1.0/collection.json",
		"_exporter_id": "48341992"
	},
	"item": [
		{
			"name": "http://localhost:8080/api/lugares/7",
			"request": {
				"auth": {
					"type": "noauth"
				},
				"method": "PUT",
				"header": [],
				"body": {
					"mode": "raw",
					"raw": " {\r\n        \r\n        \"nombre\": \"LA TRASTIENDA 2\",\r\n        \"direccion\": \"gascon 3154\",\r\n        \"capacidad\": 6500,\r\n        \"eventos\": []\r\n    }",
					"options": {
						"raw": {
							"language": "json"
						}
					}
				},
				"url": {
					"raw": "http://localhost:8080/api/lugares/7",
					"protocol": "http",
					"host": [
						"localhost"
					],
					"port": "8080",
					"path": [
						"api",
						"lugares",
						"7"
					]
				}
			},
			"response": []
		},
		{
			"name": "http://localhost:8080/api/lugares",
			"protocolProfileBehavior": {
				"disableBodyPruning": true
			},
			"request": {
				"auth": {
					"type": "noauth"
				},
				"method": "GET",
				"header": [],
				"body": {
					"mode": "raw",
					"raw": " {\r\n        \r\n        \"nombre\": \"EL Monumental\",\r\n        \"direccion\": \"FIGUEROA ALCORTA\",\r\n        \"capacidad\": 65000,\r\n        \"eventos\": []\r\n    }",
					"options": {
						"raw": {
							"language": "json"
						}
					}
				},
				"url": {
					"raw": "http://localhost:8080/api/lugares",
					"protocol": "http",
					"host": [
						"localhost"
					],
					"port": "8080",
					"path": [
						"api",
						"lugares"
					]
				}
			},
			"response": []
		},
		{
			"name": "http://localhost:8080/api/lugares/15",
			"request": {
				"auth": {
					"type": "noauth"
				},
				"method": "DELETE",
				"header": [],
				"body": {
					"mode": "raw",
					"raw": " {\r\n        \r\n        \"nombre\": \"LA TRASTIENDA 2\",\r\n        \"direccion\": \"gascon 3154\",\r\n        \"capacidad\": 6500,\r\n        \"eventos\": []\r\n    }"
				},
				"url": {
					"raw": "http://localhost:8080/api/lugares/15",
					"protocol": "http",
					"host": [
						"localhost"
					],
					"port": "8080",
					"path": [
						"api",
						"lugares",
						"15"
					]
				}
			},
			"response": []
		},
		{
			"name": "http://localhost:8080/api/lugares",
			"request": {
				"auth": {
					"type": "noauth"
				},
				"method": "POST",
				"header": [],
				"body": {
					"mode": "raw",
					"raw": " {\r\n        \r\n        \"nombre\": \"LA TRASTIENDA 2\",\r\n        \"direccion\": \"AV CORDOBA\",\r\n        \"capacidad\": 6500,\r\n        \"eventos\": []\r\n    }",
					"options": {
						"raw": {
							"language": "json"
						}
					}
				},
				"url": {
					"raw": "http://localhost:8080/api/lugares",
					"protocol": "http",
					"host": [
						"localhost"
					],
					"port": "8080",
					"path": [
						"api",
						"lugares"
					]
				}
			},
			"response": []
		}
	]
}