{
	"info": {
		"_postman_id": "76da17fe-2455-4fd7-b8e3-3c0e2e6d107c",
		"name": "productoraMusical/Bandas",
		"schema": "https://schema.getpostman.com/json/collection/v2.1.0/collection.json",
		"_exporter_id": "48341992"
	},
	"item": [
		{
			"name": "http://localhost:8080/api/bandas",
			"request": {
				"auth": {
					"type": "noauth"
				},
				"method": "GET",
				"header": [],
				"url": {
					"raw": "http://localhost:8080/api/bandas",
					"protocol": "http",
					"host": [
						"localhost"
					],
					"port": "8080",
					"path": [
						"api",
						"bandas"
					]
				}
			},
			"response": []
		},
		{
			"name": "http://localhost:8080/api/bandas",
			"request": {
				"auth": {
					"type": "noauth"
				},
				"method": "PUT",
				"header": [],
				"body": {
					"mode": "raw",
					"raw": "{\r\n  \"nombre\": \"ANIMAL\",\r\n  \"genero\": \"ROCK\",\r\n  \"pais\": \"CHILE\",\r\n  \"integrantes\": 4,\r\n  \"anioFormacion\": 2000\r\n}",
					"options": {
						"raw": {
							"language": "json"
						}
					}
				},
				"url": {
					"raw": "http://localhost:8080/api/bandas/7",
					"protocol": "http",
					"host": [
						"localhost"
					],
					"port": "8080",
					"path": [
						"api",
						"bandas",
						"7"
					]
				}
			},
			"response": []
		},
		{
			"name": "http://localhost:8080/api/bandas",
			"request": {
				"auth": {
					"type": "noauth"
				},
				"method": "POST",
				"header": [],
				"body": {
					"mode": "raw",
					"raw": "{\r\n        \r\n        \"nombre\": \"PERRO INDIO\",\r\n        \"genero\": \"rock\",\r\n        \"cantidadIntegrantes\": 3\r\n    }",
					"options": {
						"raw": {
							"language": "json"
						}
					}
				},
				"url": {
					"raw": "http://localhost:8080/api/bandas",
					"protocol": "http",
					"host": [
						"localhost"
					],
					"port": "8080",
					"path": [
						"api",
						"bandas"
					]
				}
			},
			"response": []
		},
		{
			"name": "http://localhost:8080/api/bandas/16",
			"request": {
				"auth": {
					"type": "noauth"
				},
				"method": "DELETE",
				"header": [],
				"url": {
					"raw": "http://localhost:8080/api/bandas/16",
					"protocol": "http",
					"host": [
						"localhost"
					],
					"port": "8080",
					"path": [
						"api",
						"bandas",
						"16"
					]
				}
			},
			"response": []
		}
	]
}