{
	"info": {
		"_postman_id": "7204b600-4788-4ce8-8dd6-55191d6139c2",
		"name": "concesionariaAutos",
		"schema": "https://schema.getpostman.com/json/collection/v2.1.0/collection.json",
		"_exporter_id": "48341992"
	},
	"item": [
		{
			"name": "http://localhost:8080/api/autos",
			"request": {
				"auth": {
					"type": "noauth"
				},
				"method": "GET",
				"header": [],
				"url": {
					"raw": "http://localhost:8080/api/autos",
					"protocol": "http",
					"host": [
						"localhost"
					],
					"port": "8080",
					"path": [
						"api",
						"autos"
					]
				}
			},
			"response": []
		},
		{
			"name": "http://localhost:8080/api/autos/1",
			"request": {
				"auth": {
					"type": "noauth"
				},
				"method": "GET",
				"header": [],
				"url": {
					"raw": "http://localhost:8080/api/autos/1",
					"protocol": "http",
					"host": [
						"localhost"
					],
					"port": "8080",
					"path": [
						"api",
						"autos",
						"1"
					]
				}
			},
			"response": []
		},
		{
			"name": "http://localhost:8080/api/autos",
			"request": {
				"auth": {
					"type": "noauth"
				},
				"method": "POST",
				"header": [],
				"body": {
					"mode": "raw",
					"raw": "{\r\n  \"marca\": \"Chevrolet\",\r\n  \"precio\": 18000\r\n}",
					"options": {
						"raw": {
							"language": "json"
						}
					}
				},
				"url": {
					"raw": "http://localhost:8080/api/autos",
					"protocol": "http",
					"host": [
						"localhost"
					],
					"port": "8080",
					"path": [
						"api",
						"autos"
					]
				}
			},
			"response": []
		},
		{
			"name": "http://localhost:8080/api/autos/3",
			"request": {
				"auth": {
					"type": "noauth"
				},
				"method": "PUT",
				"header": [],
				"body": {
					"mode": "raw",
					"raw": "{\r\n  \"marca\": \"Chevrolet Updated\",\r\n  \"precio\": 19000\r\n}",
					"options": {
						"raw": {
							"language": "json"
						}
					}
				},
				"url": {
					"raw": "http://localhost:8080/api/autos/3",
					"protocol": "http",
					"host": [
						"localhost"
					],
					"port": "8080",
					"path": [
						"api",
						"autos",
						"3"
					]
				}
			},
			"response": []
		},
		{
			"name": "http://localhost:8080/api/autos/3",
			"request": {
				"auth": {
					"type": "noauth"
				},
				"method": "DELETE",
				"header": [],
				"url": {
					"raw": "http://localhost:8080/api/autos/3",
					"protocol": "http",
					"host": [
						"localhost"
					],
					"port": "8080",
					"path": [
						"api",
						"autos",
						"3"
					]
				}
			},
			"response": []
		}
	]
}